,Phrase,Score
0,абсолютное преимущество,2
1,авиакомпания,0
2,автоматизация,1
3,авторизованный,0
4,агентство,0
5,агрессивная реклама,-2
6,адаптация к изменениям климата,2
7,адекватно,1
8,адекватность,1
9,адекватный,1
10,административный,0
11,административный барьер,-1
12,администрация ,0
13,акселератор экспортного роста,1
14,актив,0
15,активность,1
16,актуальный,1
17,акцизный сбор,0
18,акционер,0
19,акционерное общество,0
20,акционерный,0
21,акционерный капитал,0
22,акция,0
23,аморальный,-2
24,аннулирование,-2
25,аннулировать,-2
26,аномалия,-2
27,аномальный,-2
28,антиконкурентный,-1
29,антикоррупционный,1
30,антимонопольный,1
31,антитрестовский,1
32,апеллянт,0
33,апелляционный,0
34,апелляционный орган,0
35,апелляция,0
36,арбитраж,0
37,аргумент,0
38,аргументированный,1
39,аренда,0
40,арендная плата,0
41,арест,-2
42,арестовывать,-2
43,ассигнация,0
44,ассортимент,0
45,атакованный,-2
46,аудит,0
47,аудитор,0
48,аудиторское заключение,0
49,аффилированное лицо,0
50,баланс,0
51,балансовая стоимость,0
52,балансовая стоимость активов,0
53,балансовый ,0
54,бан,-1
55,банк,0
56,банк получателя,0
57,банковская карта,0
58,банковский,0
59,банковский ,0
60,банковскик перевод,0
61,банкомат,0
62,банкрот,-2
63,банкротство,-2
64,баррель нефти,0
65,барьер,-1
66,беглец,-2
67,беда,-2
68,бедный,-1
69,бедственный,-2
70,бедствие,-2
71,без объяснения причин,-1
72,безвозвратно,-1
73,безвозмездно,1
74,безвозмездный,1
75,бездействие,-1
76,безнадёжная задолженность,-2
77,безнадёжный к взысканию,-2
78,безопасность,1
79,безопасность труда в промышленности,1
80,безопасный,1
81,безработица,-1
82,безработный,-1
83,безрассудный,-1
84,безрассудство,-1
85,безрезультатно,-1
86,безымянный,-1
87,бенифициар,1
88,бесконтрольно,-1
89,бескорыстие,1
90,бескорыстно,1
91,беспечно,-1
92,беспечный,-1
93,беспокоить,-1
94,беспокойный,-1
95,беспокойство,-1
96,бесполезный,-1
97,беспорядки,-2
98,беспорядочно,-1
99,бесславно,-1
100,бессовестно,-2
101,бессовестный,-2
102,бессознательно,0
103,бесчестие,-2
104,бесчестно,-2
105,бесчестный,-2
106,бесчинство,-1
107,бизнес,0
108,бизнес-сообщество,1
109,бизнес-центр,0
110,биоразнообразие,1
111,биоресурсы,1
112,биржа,0
113,биржевая облигация,0
114,благодарить,1
115,благодарить за обратную связь,1
116,благополучатель,1
117,благополучие,1
118,благополучный,1
119,благоприятно,1
120,благоприятность,1
121,благоприятные условия,1
122,благоприятный,1
123,благотворительный,1
124,благотворительный фонд,1
125,благоустройство,1
126,блестящий,2
127,бойкот,-1
128,бойкотировать,-1
129,более жёсткий,-1
130,более рискованный,-1
131,больной,-1
132,большой ,0
133,бороться,-1
134,борьба,-1
135,бремя,-1
136,брокер,0
137,брокерский счёт,0
138,будущее,0
139,будущее поколение,0
140,бум,1
141,бумага,0
142,бухгалтерская отчётность,0
143,бухгалтерский,0
144,бухгалтерский баланс,0
145,бухгалтерский отчёт,0
146,бухгалтерский учёт,0
147,бюджет,0
148,бюджетные средства,0
149,бюджетный,0
150,бюджетный дефицит,-2
151,бюджетный профицит,1
152,бюджетный фонд,0
153,в обязательном порядке,0
154,в судебном порядке,-1
155,в судебном процессе,-1
156,валовые выбросы,1
157,валюта,0
158,валютная интервенция,-1
159,валютно-финансовый,0
160,валютный,0
161,валютный риск,-1
162,валютный рынок,0
163,вандализм,-1
164,введенный в заблуждение,-1
165,ввод в эксплуатацию,1
166,вводить,0
167,вводить в заблуждение,-1
168,вводить в эксплуатацию,1
169,вводить новшества,1
170,ввозная таможенная пошлина,-1
171,ведение бизнеса,1
172,ведомство,0
173,ведущий,1
174,вексель ,0
175,великий,2
176,величие,2
177,венчурный фонд,0
178,вердикт,-1
179,верить,1
180,верно,1
181,верный,1
182,версия,0
183,взаимная блокировка,-1
184,взаимодействие,1
185,взаимодействие акционеров и инвесторов,1
186,взаимодействие хозяйственных субъектов,0
187,взнос,0
188,взнос в резервный фонд,0
189,взнос по кредиту,0
190,взятка,-2
191,взяточничество,-2
192,виновность,-1
193,виновный,-1
194,вклад,1
195,вклад на карту,0
196,вкладчик,0
197,включить,1
198,власть,0
199,влияние,0
200,влиятельный,1
201,вложение,1
202,вмешательство,-1
203,вмешиваться,-1
204,внебиржевой,0
205,внебиржевой фондовый рынок,0
206,внедрение,1
207,внедрение новых технологий,1
208,внедрять,1
209,внезапно,-2
210,внезапный,-2
211,внеоборотный актив,0
212,внеплановый,-1
213,внесение изменений,0
214,внесение отдельных изменений,0
215,внешние защитные меры,-1
216,внешний долг,-1
217,внешний мир,0
218,внешний рынок,0
219,внешняя торговля,0
220,вниз,-1
221,внимание,0
222,вновь заявить,0
223,вносить поправки,0
224,внутренний аудит,0
225,внутренний комитет,0
226,внутренний контроль,0
227,внутренний рынок,0
228,вовлечение,1
229,вовлечённость,1
230,водная экосистема,0
231,водопотребление,0
232,возвращение собственности,1
233,воздаяние,-1
234,воздействие на окружающую среду ,-2
235,воздухоочистка,1
236,возмездие,-1
237,возмещать,1
238,возмещение,1
239,возможно,1
240,возможность,1
241,возможный,1
242,вознаграждение,1
243,возобновляемый источник,1
244,возражать,-1
245,возражение,-1
246,возрастать,1
247,возрастающий,1
248,волатильность,-1
249,волнение,-1
250,вопиюще,-2
251,вопиющий,-2
252,вопрос,0
253,вопросительный,0
254,восприимчивость,-1
255,восприимчивый,-1
256,восстание,-2
257,восстановимый,1
258,восстановить,1
259,восстановление,1
260,восхитительно,2
261,впечатление,0
262,впечатляющий,1
263,впутывать,-1
264,враждебность,-2
265,враждебный,-2
266,вред,-2
267,вредно,-2
268,вредный,-2
269,вредоносный,-2
270,временное отстранение от должности,-1
271,время от времени,0
272,всемирное хозяйство,0
273,всемирный экономический форум,1
274,всероссийский конкурс,1
275,встреча,1
276,встречный иск,-1
277,вторжение,-1
278,выброс парниковых газов,-2
279,выбросы,-1
280,выбросы в атмосферу,-1
281,выбросы загрязняющих веществ,-2
282,выбросы пыли,-1
283,выведенный из строя,-1
284,вывоз,0
285,выгода,1
286,выгодная инвестиция,2
287,выгодная сделка,2
288,выгодно,1
289,выгодный,1
290,выгодоприобретатель в сделке,1
291,выдавать кредиты,-1
292,выдача льготного кредита,1
293,выдающийся,2
294,выделенный лимит,0
295,вызвать в суд,-2
296,вызов,-1
297,вызов в суд,-2
298,вызывать,-1
299,вызывающий,-2
300,выигрывать,1
301,выигрыш,1
302,выключение,-1
303,выкуп ценных бумаг,1
304,выкупать собственные акции,1
305,выносить приговор,-1
306,вынужденный,-1
307,выплата ,0
308,выплата вознаграждения,1
309,выплата дивидендов,1
310,выплаченный дивиденд,1
311,выполнение,0
312,выполнимость,1
313,выполнимый,1
314,выполнять,0
315,выпуск ,0
316,выпуск акций,0
317,выпуск ценных бумаг,0
318,вырабатывать,0
319,вырастать,1
320,выселение,-2
321,выселять,-2
322,высмеивание,-1
323,высмеивать,-1
324,высокая добавленная стоимость,1
325,высокий,1
326,высоко,1
327,выход,-1
328,выходить,-1
329,вяло,-1
330,вялый,-1
331,гаджет,0
332,газ,0
333,гарант,1
334,гарантированный,1
335,гарантия,1
336,генеральный директор,0
337,геополитический,0
338,гибель,-2
339,гибель людей,-2
340,гибельный,-2
341,глава,0
342,гладко,1
343,глобальный,0
344,глобальный инновационный индекс,0
345,годовой,0
346,годовой отчёт ,0
347,годовой пик компании,0
348,годовой темп роста,0
349,горе,-2
350,городская среда,1
351,господдержка,1
352,государственная власть,0
353,государственная закупка,0
354,государственная корпорация,0
355,государственная поддержка,1
356,государственная услуга,0
357,государственное муниципальное имущество,0
358,государственное частное партнерство,0
359,государственный,0
360,государственный кредит,0
361,государственный орган,0
362,государство ,0
363,готовая продукция,0
364,гражданин,0
365,гражданское правонарушение,-1
366,граница,0
367,давление,-1
368,данные,0
369,дата совершения сделки,0
370,движение денежных средств,0
371,двойное дно,-2
372,дворовая территория,1
373,двусмысленный,-1
374,дебетовая карта,0
375,дебиторская задолженность,0
376,дебиторский,0
377,деградация,-2
378,деградировать,-2
379,дезинформация,-1
380,дезинформированный,-1
381,дезориентировать,-1
382,действительность,1
383,действительный,1
384,делегация,0
385,делистинг,-2
386,деловой климат,1
387,денежная задолженность,-1
388,денежная эмиссия,0
389,денежное обращение,0
390,денежные средства,0
391,денежный ,0
392,денежный заём,0
393,денежный поток,0
394,деньги,0
395,департамент,0
396,депозит,0
397,депозитарий ,0
398,депозитарная расписка,0
399,депонирование,0
400,депонировать,0
401,дестабилизация,-2
402,дестабилизировать,-2
403,дефект,-1
404,дефектный,-1
405,дефицит,-2
406,дефицит бюджета,-2
407,дефолт ,-2
408,деформация,-1
409,деятельность ,0
410,деятельность компании,0
411,диверсификация,1
412,диверсифицировать,1
413,диверсифицировать портфель,1
414,диверсифицировать риск,1
415,дивиденд,1
416,дивидендная политика,0
417,диджитализация,1
418,динамика,0
419,директива,0
420,дисбаланс,-1
421,дисквалификация,-1
422,дисквалифицировать,-1
423,дискредитация,-1
424,дискредитировать,-1
425,диспропорция,-1
426,диссидент,-1
427,диссоциация,-1
428,дисфункциональный,-1
429,дисфункция,-1
430,дисциплинарный,-1
431,дифференциация,0
432,дифференциация по качеству,0
433,дневной диапозон,0
434,добавлять стоимость,1
435,добросовестный,1
436,добыча,0
437,добыча газа,0
438,добыча на месторождении,0
439,добыча нефти,0
440,добыча полезных ископаемых,0
441,довольный,1
442,договор,0
443,договор аренды,0
444,договор вступил в силу,0
445,договор купли-продажи,0
446,договор поставки,0
447,доказанный,1
448,документированный,0
449,долг,-1
450,долговая ценная бумага,0
451,долговой,0
452,долгосрочная задолженность,0
453,долгосрочная программа,0
454,долгосрочная программа развития,1
455,долгосрочное обязательство,0
456,долгосрочный,0
457,долгосрочный заём,0
458,долгосрочный кредитный заём,0
459,должник,-1
460,должностное преступление,-2
461,должность,0
462,должный,1
463,доллар,0
464,доля,0
465,доля акций,0
466,доля в уставном капитале,0
467,доля принадлежит,0
468,доля участия,0
469,доплата,1
470,дополненный,1
471,допрос,-1
472,допускать,0
473,допустимый,1
474,дорогостоящий,-1
475,дорожная карта,0
476,доставка,0
477,доставлять,0
478,достаток,1
479,достаточно,1
480,достаточность,1
481,достаточный,1
482,достигать,1
483,достижение,1
484,доступное жильё,1
485,доступность,1
486,доступный,1
487,досуг,1
488,досудебный,-1
489,доход ,0
490,доходность,0
491,доходность вклада,0
492,дочернее общество,0
493,дочернее предприятие,0
494,дочерний,0
495,дочерняя компания,0
496,дочерняя организация,0
497,драгоценный металл,0
498,дружелюбный,1
499,дурная слава,-2
500,евро,0
501,еврооблигация,0
502,жалоба,-1
503,жаловаться,-1
504,желание,1
505,желательный,1
506,жертвенный,1
507,жертвовать,1
508,жертвы,-1
509,жилищное кредитование,0
510,заблудший,-1
511,заблуждаться,-1
512,забота,0
513,заброшенный,-1
514,завершать,0
515,зависеть,-1
516,зависимость,-1
517,зависимый,-1
518,завод,0
519,завоевание рынка,1
520,завышение,-1
521,завышенный,-1
522,заговор,-2
523,заговорщик,-2
524,заговорщический,-2
525,загруженность оборудования,0
526,загрязнять ,-2
527,загрязняющие вещества,-1
528,задержание,-2
529,задерживать,-2
530,задержка,-2
531,задним числом,-1
532,задокументированный,0
533,задолженность,-1
534,заемёщик,0
535,заинтересованная сторона,0
536,заинтересованное лицо,0
537,заинтересованный,1
538,заинтересоваться в совершении сделки,1
539,заканчивать,0
540,заключать,0
541,заключать соглашение,1
542,заключённый,-1
543,закон,0
544,законно,1
545,законность,1
546,законный,1
547,законный интерес акционера,0
548,законодательный ,0
549,законодательство,0
550,закономерность взаимодействия,0
551,закрытие,0
552,закрыть,0
553,закрыть в плюс,2
554,закупка,0
555,закупочная деятельность,0
556,закупочная цена,0
557,залог,0
558,замедление,-1
559,замедление темпов роста,-1
560,замедление экономического роста,-1
561,замедлять,-1
562,замешанный,-1
563,занижать,-1
564,занижение,-1
565,занимать должность,0
566,занятость,0
567,занятый,1
568,запас,0
569,запланированный,1
570,запрет,-1
571,запретительно,-1
572,запретительный,-1
573,запретный,-1
574,запрещать,-1
575,запуск,1
576,запускать,1
577,запутанный,-1
578,запущенность,-1
579,запущенный,-1
580,запятнать,-1
581,заработная плата,0
582,заражение,-1
583,заранее,0
584,заседание,0
585,заседание совета,0
586,заседание совета директоров,0
587,заслуженно,1
588,застаиваться,-1
589,застой,-1
590,застойный,-1
591,засуха,-1
592,затмевать,-1
593,затормаживать,-1
594,затрата,0
595,затруднять,-1
596,затягивание,-1
597,захват,-1
598,зашедший в тупик,-2
599,защита прав,1
600,защитные меры,1
601,заявка,0
602,заём,0
603,заёмное средство,0
604,здоровый образ жизни,1
605,здравоохраниение,1
606,зеленая облигация,0
607,земельный участок,0
608,зло,-1
609,злоба,-1
610,злобно,-1
611,злонамеренный,-1
612,злоупотребление,-1
613,злоупотребление властью,-2
614,злоупотреблять,-1
615,знакомый,1
616,знание,1
617,значительно,0
618,значительный,1
619,золотая акция,0
620,зрелость,1
621,зрелый,1
622,игнорировать,-1
623,идеально,2
624,избегать,-1
625,избыток,1
626,избыток предложения,-1
627,избыточная мощность,-1
628,извергать,-1
629,известный,1
630,извилистый,0
631,извращённый,-2
632,изгнание,-2
633,издевательство,-2
634,изделие,0
635,излишек,0
636,излишне,-1
637,изменение,0
638,изменение доли,0
639,изменение климата,-2
640,изменение процентной ставки,0
641,изменение условий сделки,-1
642,изменчивость,0
643,изнурительный,-1
644,изобретатель,1
645,изобретательность,1
646,изобретать,1
647,изобретение,1
648,изъятие имущества,-2
649,именная акция,0
650,иметься в продаже,0
651,императивный,-1
652,импорт,0
653,импорт сырья,0
654,импортирование сырья,0
655,имущество,0
656,имущий,1
657,инакомыслие,-1
658,инакомыслящий,-1
659,инвестирование,1
660,инвестиционная деятельность,1
661,инвестиционная программа,1
662,инвестиционный,1
663,инвестиционный бизнес,1
664,инвестиционный комлекс,1
665,инвестиционный портфель,1
666,инвестиционный проект,1
667,инвестиция,1
668,индекс ,0
669,индекс снизился при открытии,-1
670,индивидуализировать,1
671,индивидуальный предпринимательская инициатива,1
672,индикатор ,0
673,инициатива,1
674,инкубатор технологий,0
675,инноватика,0
676,инноватор,1
677,инновационная деятельность,0
678,инновационная фирма,1
679,инновационная экономика,1
680,инновационное развитие,1
681,инновационный,1
682,инновационный потенциал,1
683,инновационный процесс,1
684,инновационный фонд,0
685,инновация,1
686,иностранная валюта,0
687,иностранный,0
688,инсайдер,0
689,инструмент,0
690,интеллект,0
691,интеллектуальная собственность,1
692,интеллектуальное решение,1
693,интеллектуальный,1
694,интенсификация воспроизводственного процесса,1
695,интересный,1
696,интересы общества,1
697,интернет,0
698,интернет-банк,0
699,интрига,-1
700,инфляция,-1
701,информативный,1
702,информатизация,1
703,информационная кампания,0
704,информационные технологии,1
705,информационный,0
706,информация,1
707,инфраструктура,0
708,инцидент,-1
709,ипотечный,0
710,ипотечный кредит,0
711,искажать,-1
712,искажение,-1
713,искажение информации,-2
714,искажено,-1
715,исключать,-1
716,исключение,-1
717,исключительность,1
718,искусственно,-1
719,исполние,1
720,исполнительная власть,0
721,исполнительный,0
722,исполнительный орган,0
723,использование,0
724,использование запасов,0
725,использование карты,0
726,использованный,0
727,испорченный,-1
728,исправимый,1
729,исправительное учреждение,-1
730,исправлять,1
731,исправность,1
732,исправный,1
733,исследование,1
734,исследовательский институт,0
735,исследовать,1
736,истец,0
737,истечение,-1
738,историческая доходность,0
739,источник,0
740,источник дохода,0
741,источник накопления капитала,0
742,источник энергии,0
743,истощать,-1
744,истощение,-1
745,исчезать,-1
746,исчезающий вид,-1
747,исчезновение,-1
748,итоги года,0
749,кандидат экономических наук,1
750,капитал,0
751,капиталоёмкий,1
752,капитальное вложение,0
753,каприз,-1
754,карательный,-1
755,карта банка,0
756,катаклизм,-2
757,катастрофа,-2
758,катастрофический,-2
759,качественно новый уровень,1
760,качественное улучшение,1
761,качество,1
762,качество жизни,1
763,качество образования,1
764,квалифицированный,1
765,квартал ,0
766,кибератака,-2
767,кибербуллинг,-2
768,киберпреступление,-2
769,киберпреступник,-1
770,киберпреступность,-1
771,кластер,0
772,клевета,-1
773,клеветать,-1
774,клиент ,0
775,климат,0
776,ключевой,1
777,ключевой показатель эффективности,1
778,кодекс,0
779,кодекс корпоративного поведения,0
780,кодекс корпоративного управления,0
781,колебание цен,-1
782,колл-центр,0
783,коллапс,-2
784,коллега,0
785,комиссия,0
786,комитет,0
787,коммерциализация технологий,0
788,коммерческий банк,0
789,компания,0
790,компенсация,1
791,компенсация расходов,1
792,компенсировать,1
793,компетентно,1
794,компетентность,1
795,компетентный,1
796,компетенции совета директоров,0
797,компетенция,1
798,комплекс,0
799,комплекс мероприятий,0
800,компьютер,0
801,комфортные условия,1
802,конец отчётного периода,0
803,конкурентный,1
804,конкурентоспособность,1
805,конкурентоспособный,1
806,конкуренция,1
807,конкурс,1
808,конкурсный,1
809,консолидированная отчётность,0
810,консолидированная финансовая отчётность,0
811,консолидированный отчёт,0
812,консолидировать,0
813,конструктивно,1
814,контрагент,0
815,контракт,0
816,контрмера,-1
817,контролируемый,1
818,контроль,0
819,контроль управления,0
820,конфискация,-2
821,конфисковывать,-2
822,конфликт,-1
823,конфликт интересов,-1
824,конфронтационный,-1
825,конфронтация,-1
826,концепция,0
827,концессионное соглашение,1
828,кончина,-2
829,короткая позиция,0
830,корпоративная социальная ответственность,1
831,корпоративное управление,0
832,корпоративны риск,-1
833,корпоративный,0
834,корпоративный клиент,0
835,корпоративный отчёт,0
836,корректировать,1
837,корректировка внутреннего рынка,0
838,корреспондентский ,0
839,коррупция,-2
840,котировка,0
841,коэффициент ,0
842,краткосрочное обязательство,0
843,краткосрочный,0
844,кратскосрочный кредит,0
845,креативность,1
846,кредит,0
847,кредитная история,0
848,кредитная карта,0
849,кредитная операция,0
850,кредитная организация,0
851,кредитное предложение,0
852,кредитный,0
853,кредитный ,0
854,кредитный договор,0
855,кредитный портфель,0
856,кредитный рейтинг,0
857,кредитный риск,-1
858,кредитование,0
859,кредитование субъектов мсп,0
860,кредитор ,0
861,кредиторская задолженность,0
862,кризис,-2
863,кризисная ситуация,-2
864,кризисный,-2
865,критика,-1
866,критиковать,-1
867,критически,-1
868,критический,-1
869,крупная сделка,1
870,крупный,1
871,культура,1
872,купля продажа,0
873,купон,0
874,купонная облигация,0
875,купонный доход,1
876,курс,0
877,курс валюты,0
878,курсовая разница,0
879,кэшбэк,1
880,лаборатория,0
881,лабораторный,0
882,легализация ,1
883,легализовывать,1
884,легко,1
885,легкомысленно,-1
886,легкомысленный,-1
887,легче,1
888,лжесвидетельство,-2
889,лживый,-2
890,лизинговый,0
891,ликвидатор,-1
892,ликвидация ,-1
893,ликвидация ущерба,1
894,ликвидировать,-1
895,ликвидность,1
896,ликвидный,1
897,ликвидный ,1
898,линия,0
899,листинг,0
900,лицензионный,1
901,лицензировать,1
902,лицензия ,1
903,лицо,0
904,лишать,-1
905,лишать свободы,-2
906,лишение,-1
907,лишение свободы,-2
908,ложно,-1
909,ложное заявление,-1
910,ложный,-1
911,лояльно,1
912,лояльность,1
913,лояльность к бренду,1
914,лояльность к товару,1
915,лояльность к фирме,1
916,лояльность потребителей,1
917,лояльный,1
918,лучше,1
919,льгота,1
920,льготная кредитная ставка,1
921,льготное кредитование,1
922,льготное кредитование субъектов,1
923,льготный,1
924,льготный кредит,1
925,магазин,0
926,магистральный нефтепровод,0
927,макропруденциальный,0
928,макроэкономика,0
929,макроэкономический,0
930,максимизация полезности,0
931,малое и среднее предпринимательство,0
932,малый бизнес,0
933,малый и средний бизнес,0
934,манипулировать,-1
935,манипуляция,-1
936,маржа,0
937,маржинальная торговля,0
938,маркетинг,0
939,массовое производство,0
940,материальный,0
941,материальный актив,1
942,медленно,-1
943,медленный,-1
944,медлительность,-1
945,межбанковский ,0
946,международная конкуренция,0
947,международная торговля,0
948,международная экономика,0
949,международное разделение труда,0
950,международные экономические отношения,0
951,международный ,0
952,международный обмен товарами,0
953,международный стандарт,0
954,международный торговля,0
955,мелкий,-1
956,менеджмент,0
957,мера государственной поддержки,1
958,мера поддержки,1
959,мероприятие,0
960,мероприятие ,1
961,местное самоуправление,0
962,местные жители,0
963,местные сообщества,0
964,местный,0
965,местный бюджет,0
966,месторождение,0
967,месторождение газа,0
968,металл,0
969,методика расчёта показателей,0
970,механизм деловой трансформации,1
971,мешать,-1
972,микропруденциальный,0
973,микроэкономика,0
974,мировая экономика,0
975,мировое хозяйство,0
976,мировой,0
977,мировой рынок,0
978,митингующий,-1
979,многосторонняя торговая система,0
980,мобильное приложение,0
981,могущественное влияние,2
982,модель внешней торговли,0
983,модернизация,1
984,молодой специалист,0
985,мониторинг ,1
986,монополизация,-2
987,монополизировать,-2
988,монополист,-2
989,монополистический,-2
990,монополия,-2
991,мораторий,-1
992,московская биржа,0
993,мотивированный ,1
994,мочь ,1
995,мошеник,-1
996,мошеннический,-1
997,мошенничество,-1
998,мощность,0
999,мощность оборудования,0
1000,мощность электрической энергии,0
1001,мрачный,-2
1002,мсфо,0
1003,муниципальный,0
1004,наблюдаемый,0
1005,наблюдательный,0
1006,наблюдательный совет,0
1007,наблюдательный совет банка,0
1008,наблюдать,0
1009,наблюдение,0
1010,навязанный,-1
1011,навязывание,-1
1012,навязывать,-1
1013,награда,1
1014,надбавка,1
1015,надежный,1
1016,надзор ,0
1017,надзорный ,0
1018,надоедать,-1
1019,надстраивать,0
1020,надёжность,1
1021,надёжный,1
1022,наиболее важный,2
1023,наиболее слабый,-1
1024,наихудший,-2
1025,наказание,-1
1026,наказывать,-1
1027,накопление капитала,0
1028,накопленный купонный доход,0
1029,налагать вето,-1
1030,налог,0
1031,налог на прибыль,0
1032,налоговая политика,0
1033,налоговая ставка,0
1034,налоговое обязательство,0
1035,налоговое право,0
1036,налоговые каникулы,1
1037,налоговые льготы,1
1038,налоговый,0
1039,налоговый актив,0
1040,намеренно,-1
1041,намеренный,-1
1042,нападать,-1
1043,нападение,-1
1044,направление,0
1045,направление бизнеса ,0
1046,направление деятельности,0
1047,направление политики,0
1048,направлять,-1
1049,напряжение,-1
1050,напряженный,-1
1051,нарушать,-1
1052,нарушение,-1
1053,нарушитель,-1
1054,население,0
1055,насилие,-2
1056,насильственный,-2
1057,настаивать,-1
1058,настоящий,1
1059,наука,0
1060,наукоёмкий,1
1061,научно-техническая сфера,0
1062,научно-технический,0
1063,научный,0
1064,национальная инновационная система,1
1065,национальная конкурентоспособность,1
1066,национальное хозяйство,0
1067,национальный,0
1068,национальный проект,0
1069,ндс,0
1070,небрежно,-1
1071,небрежность,-1
1072,негативно,-2
1073,негативное воздействие,-2
1074,негативный,-2
1075,недвижимое имущество,0
1076,независимый аудит,0
1077,независимый директор,0
1078,независимый комитет,0
1079,нематериальный актив,0
1080,необходимость,0
1081,непроизвольный,0
1082,непрофильный актив,0
1083,нераспределенная прибыль,0
1084,несчастный случай,-2
1085,несчастье,-2
1086,нефтепровод,0
1087,нефтепродукт,0
1088,нефть,0
1089,низкий уровень цен,1
1090,низкооплачиваемый,-1
1091,низший,-1
1092,ниокр,0
1093,нисходящий,-1
1094,ничего не зная,-1
1095,новатор,1
1096,новаторство,1
1097,новая карта,1
1098,новая технология,1
1099,новизна,1
1100,нововведение,1
1101,новое рабочее место,1
1102,новшество,1
1103,новый,0
1104,новый уровень,1
1105,номинальная стоимость акции,0
1106,номинальный стоимость,0
1107,норма обязательных резервов,0
1108,нормальный,1
1109,норматив ,0
1110,нормативный,0
1111,нормативный акт,0
1112,нпф,0
1113,нужный,1
1114,обвинение,-1
1115,обвинительный акт,-1
1116,обвинять,-1
1117,обезвреживание отходов,1
1118,обескураживать,2
1119,обеспечение ,0
1120,обеспечивать ,1
1121,обеспечивать выполнение,1
1122,обеспокоенный,-1
1123,обесценение,-1
1124,обесценивать,-1
1125,обещание,0
1126,область,0
1127,область охраны труда,1
1128,облигация,0
1129,обличать,-1
1130,обман,-1
1131,обманчиво,-1
1132,обманчивость,-1
1133,обманчивый,-1
1134,обманывать,-1
1135,обмен,0
1136,обмен капиталом,0
1137,обмен товарами,0
1138,обмен трудом,0
1139,обмен услугами,0
1140,обменный курс,0
1141,обнадёживающий,1
1142,обнаруженный,1
1143,обнаружимый,1
1144,обновление,1
1145,обновление жилого фонда,1
1146,обогащение,1
1147,оборот ,0
1148,оборотный актив,0
1149,оборудование,0
1150,обоснованно,1
1151,обоснованный,1
1152,обострение,-1
1153,обострять,-1
1154,обрабатывающая отрасль,0
1155,обрабатывающая отрасль промышленности,0
1156,обрабатывающая промышленность,0
1157,образование,0
1158,образовательный,1
1159,образцовый,1
1160,обратимый,1
1161,обратная инновация,0
1162,обращать внимание,0
1163,обращаться,0
1164,обращение,0
1165,обращение с отходами,1
1166,обременение,-1
1167,обременительный,-1
1168,обременять,-1
1169,обрывистый,-1
1170,обслуживание,0
1171,обслуживание долга,0
1172,обсуждать,0
1173,обсуждение,0
1174,обузданный,1
1175,обучение,1
1176,общая сумма сделки,0
1177,общее годовое собрание,0
1178,общее собрание,0
1179,общее собрание акционеров,0
1180,общество,0
1181,общий объем,0
1182,объединение,0
1183,объект,0
1184,объект международной экономики,0
1185,объявление взносов,0
1186,объявленный,1
1187,объявлять финансовый результат,0
1188,объём ,0
1189,объём добычи,0
1190,объём инвестиций,0
1191,объём информации,0
1192,объём капитала,0
1193,объём реализаии,0
1194,объём товарной массы,0
1195,объём торгов,0
1196,объём услуг,0
1197,обыкновенная акция,0
1198,обыкновенная именная акция,0
1199,обязанность,0
1200,обязательно,0
1201,обязательное требование,-1
1202,обязательный,0
1203,обязательство,0
1204,обязывать,-1
1205,оговаривать,0
1206,оговорка,-1
1207,ограничение,-1
1208,ограничение на экспорт,-1
1209,ограничивать,-1
1210,ограничитель,-1
1211,ограничительно,-1
1212,однозначность,1
1213,однородная продуция,0
1214,одобрение,1
1215,одобрение крупной сделки,1
1216,одобрение совета директоров,1
1217,одобрительный,1
1218,одобрять,1
1219,одобрять решение,1
1220,ожидание инвесторов,0
1221,озеленение,1
1222,оказание услуг,0
1223,оклеветать,-1
1224,окончательно,0
1225,окружающая среда,0
1226,окружающий,0
1227,окупаемость,0
1228,омрачать,-1
1229,онлайн,1
1230,опасно,-1
1231,опасность,-1
1232,опасные отходы,-1
1233,опасный,-1
1234,операционная деятельность,0
1235,операционные затраты,0
1236,операционный ,0
1237,операционный доход,0
1238,операционный расход,0
1239,операция ,0
1240,операция по кредиту,0
1241,оплата,0
1242,оплата труда,0
1243,оплаченный,1
1244,оплошность,-1
1245,оповещение,0
1246,опозоренный,-2
1247,оппозиция,-1
1248,оппортунизм,-1
1249,оппортунистически,-1
1250,оппортунистический,-1
1251,оправдание,-1
1252,оправданно,1
1253,оправдательные приговоры,1
1254,оправдывать,0
1255,оправдывающее обстоятельство,1
1256,определение размера вознаграждения,1
1257,определенность,1
1258,определимый,1
1259,опрометчиво,-1
1260,опрошенный,0
1261,оптимистичный,1
1262,оптовая торговля,0
1263,оптовый рынок,0
1264,опустошение,-1
1265,опыт реализации проекта,1
1266,опытность,1
1267,опытный,1
1268,орган,0
1269,орган власти,0
1270,орган управления ,0
1271,организация,0
1272,освобождать,1
1273,освобождение,-1
1274,освобождение от долга,1
1275,освобождение от обязательств,1
1276,оскорбительно,-2
1277,оскорбительность,-2
1278,оскорбительный,-2
1279,ослабление,-1
1280,ослаблять,-1
1281,осложнение,-1
1282,осложнять,-1
1283,основной вид деятельности,0
1284,основные средства,0
1285,особое внимание,1
1286,оспаривать,-1
1287,останавливать,0
1288,остановка,-1
1289,остаток ,0
1290,осторожно,1
1291,осторожность,1
1292,осторожный,1
1293,осуждать,-1
1294,осуждение,-1
1295,осуществимый,1
1296,осуществление ,1
1297,осуществлять,1
1298,отвергать,-1
1299,ответный,0
1300,ответственность,1
1301,отвечать,0
1302,отвлекать,-1
1303,отвращение,-2
1304,отговаривать,-1
1305,отдача,0
1306,отдельный вид отношений,0
1307,отзыв,0
1308,отказ,-1
1309,отказ в подтверждении,-1
1310,отказ от права,-1
1311,отказывать,-1
1312,откладывать,-1
1313,отклонение,-1
1314,открывать,1
1315,открываться со снижением индекса,-1
1316,открытие,1
1317,открытие торгов,0
1318,открыто,1
1319,отличительный,1
1320,отлично,1
1321,отмена,-1
1322,отменять,-1
1323,отмечать,1
1324,отмывание,-2
1325,отношение,0
1326,отозвать,-2
1327,отрасль,0
1328,отрекаться,-1
1329,отрицание,-1
1330,отрицательный,-1
1331,отрицать,-1
1332,отсрочка,-1
1333,отставать,-1
1334,отставка,-2
1335,отсутствие,-1
1336,отсутствие достижений,-1
1337,отсутствие на работе,-1
1338,отток,-1
1339,отходы,-1
1340,отчуждение,-1
1341,отчуждение акций,-1
1342,отчёт,0
1343,отчёт о прибылях и убытках,0
1344,отчёт о финансовом положении,0
1345,отчёт об устойчивом развитии,1
1346,отчёт совета директоров,0
1347,отчётность,0
1348,отчётный,0
1349,отягощение,-1
1350,офз,0
1351,офис ,0
1352,охотный,1
1353,охрана водных ресурсов,1
1354,охрана воздушных ресурсов,1
1355,охрана окружающей среды,1
1356,охрана труда,0
1357,охрана труда в промышленностии,1
1358,охраняемая природная территория,1
1359,оценивание,0
1360,оценивать,0
1361,оценивать справедливую стоимость,0
1362,оценка,0
1363,оценка проекта,0
1364,оценка эффективности,0
1365,оцифровка,0
1366,очистка,1
1367,очистка сточных вод,1
1368,очистка территории,1
1369,очистное сооружение,1
1370,ошеломляющий,2
1371,ошибаться,-1
1372,ошибка,-1
1373,ошибочно,-1
1374,ошибочное толкование,-1
1375,ошибочный,-1
1376,оштрафованный,-1
1377,пагубный,-2
1378,падение,-2
1379,падение мировой экономики,-2
1380,падение цены нефти,-1
1381,паевой,0
1382,паевой взнос,0
1383,паевой фонд,0
1384,пакет акции,0
1385,пакт,0
1386,паника,-2
1387,парниковый газ,-2
1388,партнерство,1
1389,партнёрство,1
1390,пассажир,0
1391,пассив,0
1392,патент,1
1393,патентоспособность,1
1394,патентоспособный,1
1395,пенсионный,0
1396,первая минута торгов,0
1397,первичная акция,0
1398,первичный взнос по кредиту,0
1399,первичный рынок,0
1400,переадресовывать,0
1401,перевод,0
1402,перевод на карту,0
1403,перевод с карты,0
1404,переворот,-2
1405,перегружать,-1
1406,перегрузка,-1
1407,передавать,0
1408,передача,0
1409,передача электроэнергии,0
1410,перезарядка,0
1411,перемещать,0
1412,перемещение,0
1413,переназначение,0
1414,переназначить,0
1415,переоценка,0
1416,переплата,-1
1417,перепродажа,0
1418,перепроизведенная,0
1419,перепроизводство,0
1420,переработка,1
1421,переработка отходов,1
1422,перерасход,-1
1423,перерыв,0
1424,перерыв в работе,-1
1425,пересматривать,0
1426,пересмотр,0
1427,перестать,-1
1428,перехитрить,-1
1429,период засухи,-1
1430,персонал,0
1431,перспектива развития,1
1432,петиция,0
1433,пикет,-1
1434,плавающая процентная ставка,0
1435,план,0
1436,план мероприятия,0
1437,плата,0
1438,платёж,0
1439,платёж по кредиту,0
1440,платёжеспособность,1
1441,платёжеспособный,1
1442,платёжная система,0
1443,платёжный ,0
1444,платёжный баланс,0
1445,плохо,-1
1446,плохое управление,-1
1447,плохой,-1
1448,победитель,2
1449,победитель конкурса,2
1450,побеждать,2
1451,побеждённый,-1
1452,повреждение,-1
1453,повсеместно,0
1454,повышать,1
1455,повышать надёжность,1
1456,повышать надёжность работы,1
1457,повышение,1
1458,повышение благосостояния,1
1459,повышение занятости,1
1460,повышение качества,1
1461,повышение квалификации,1
1462,повышение производительности,1
1463,повышение производительности труда,1
1464,повышение энергитической эффективности,1
1465,повышение энергоэффективности,1
1466,повышение эффективности,1
1467,погашение,0
1468,погашение долга,0
1469,погашение кредита,0
1470,погашенная задолженность,1
1471,под угрозой,-1
1472,подавленный,-2
1473,подать в отставку,-1
1474,подвешенный,-1
1475,подводить итог,0
1476,подводить итог работы,0
1477,подделанный,-1
1478,подделка,-1
1479,поддерживающая отрасль,0
1480,поддержка,1
1481,поддержка занятости,1
1482,поддержка индивидуального предпринимательства,1
1483,поддержка среднего предпринимательства,1
1484,поддержка труда,1
1485,подкупленный,-1
1486,подобающе,1
1487,подозреваемый,-1
1488,подозревать,-1
1489,подозрение,-1
1490,подозрительно,-1
1491,подорванный,-1
1492,подписывать соглашение,0
1493,подразумевать,0
1494,подрывать,-1
1495,подсказывать,1
1496,подстрекательство,-2
1497,подсудимый,-1
1498,подтверждённый,1
1499,подходящий,1
1500,подчеркивать,0
1501,подчинение,-1
1502,позволять ,1
1503,поздний,-1
1504,поздравлять,1
1505,позитивный,1
1506,показатель,0
1507,показатель ebitda,0
1508,показатель уровня развития,1
1509,показатель эффективности,0
1510,покрытый,1
1511,покупатель,0
1512,покупка,1
1513,покушаться,-2
1514,полезное действие,1
1515,полезное ископаемое,0
1516,полезное использование,1
1517,полезность,0
1518,политика,0
1519,полномочие,0
1520,полнота,1
1521,полноценный,1
1522,положительно,1
1523,положительный,1
1524,полуфабрикат,0
1525,получатель опциона,0
1526,получать,0
1527,получение,0
1528,польза,1
1529,пользователь,0
1530,помеха,-1
1531,помогать,1
1532,помощь,1
1533,понижать,-1
1534,понижение,-1
1535,понимание,1
1536,понятный,1
1537,пополнение,1
1538,пополнение оборотных средств,1
1539,популизм,-2
1540,популяризация предпринимательства,1
1541,популярность,2
1542,популярный,1
1543,поражение,-1
1544,порвать,-1
1545,порицание,-1
1546,порочить,-2
1547,портить,-1
1548,портфель,0
1549,портфель ценных бумаг,0
1550,поручитель,0
1551,поручитель по кредиту,0
1552,поручительство,0
1553,поручительство по кредиту,0
1554,последовательно,1
1555,последствие,0
1556,посредничество,0
1557,поставка,0
1558,поставка газа,0
1559,поставка продукции,0
1560,поставка российского газа,1
1561,поставщик,0
1562,постановление,0
1563,постановление правительства,0
1564,постоянно,0
1565,постоянный,1
1566,пострадавшие,-2
1567,пострадавший,-2
1568,пострадать,-2
1569,посягать,-1
1570,потенциал,1
1571,потерпеть неудачу,-1
1572,потеря,-1
1573,потеря права выкупа,-1
1574,потерять,-1
1575,поток,0
1576,потраченный впустую,-1
1577,потребитель,0
1578,потребительская стоимость,0
1579,потребительский,0
1580,потребительтсво,0
1581,потрясение,-2
1582,поучительный,0
1583,почести,1
1584,почтительное отношение,1
1585,почёт,1
1586,пошлина,-1
1587,права человека,1
1588,правда,1
1589,правдиво,1
1590,правдивость,1
1591,правильная маркировка,1
1592,правильно,1
1593,правильный,1
1594,правительственная комиссия,0
1595,правительственное соглашение,0
1596,правительство,0
1597,правка,0
1598,правление,0
1599,право,1
1600,право добычи,0
1601,право сторон,0
1602,правовой акт,0
1603,правомерно,1
1604,правомочность,1
1605,правонарушение,-2
1606,правонарушитель,-2
1607,правоспособность,1
1608,праздник,1
1609,праздный,-1
1610,практичность,1
1611,практичный,1
1612,превосходить,1
1613,превышать,-1
1614,превышение,1
1615,превышение полномочий,-1
1616,предвзятый,-1
1617,предвиденный,1
1618,предел,-1
1619,предложение,1
1620,предложение денег ,0
1621,предмет роскоши,0
1622,преднамеренно,-1
1623,преднамеренный,-1
1624,предоставление субсидии,1
1625,предоставление услуг,0
1626,предоставлять,0
1627,предостерегать,1
1628,предосудительно,-1
1629,предотвращать,1
1630,предотвращение,1
1631,предписывать,0
1632,предполагать,0
1633,предположительно,0
1634,предприимчисвость,1
1635,предприниматель,0
1636,предпринимательская деятельность,0
1637,предпринимательская инициатива,1
1638,предпринимательский,0
1639,предпринимательское сообщество,1
1640,предпринимательство,1
1641,предприятие,0
1642,предрешенный,-1
1643,председатель,0
1644,председатель правительства,0
1645,председатель правления,0
1646,председатель совета директоров,0
1647,предсказуемо,1
1648,предсказуемость,1
1649,предсказуемый,1
1650,представитель,0
1651,предстоять,0
1652,предубеждение,-1
1653,предупреждать,0
1654,предупреждение,0
1655,предусматривать ,1
1656,предшествовать,0
1657,предъявление обвинения,-1
1658,предъявлять иск,-1
1659,предъявлять обвинение,-1
1660,преждевременно,-1
1661,преждевременный,-1
1662,президент,0
1663,презрение,-2
1664,преимущество ,1
1665,прекращать,-1
1666,прекращение,-1
1667,прекращение дела,-1
1668,прекращение полномочия,-1
1669,премия,1
1670,пренебрегать,-1
1671,пренебрежение,-1
1672,пренебрежительно,-1
1673,преодоление,1
1674,преодолеть,1
1675,препятствие,-1
1676,препятствовать,-1
1677,прерывание,-1
1678,прерывать,-1
1679,преследовать,-1
1680,преследовать в судебном порядке,-2
1681,пресс конференция,0
1682,престиж,1
1683,преступление,-2
1684,преступление против государства,-2
1685,преступник,-2
1686,преступно,-2
1687,преступность,-2
1688,преступный ,-2
1689,претендовать,0
1690,претензия,-1
1691,преувеличение,-1
1692,преувеличивать,-1
1693,преуспевать,2
1694,прибыль ,1
1695,прибыльный,1
1696,приватизация,1
1697,приветствовать,1
1698,привилегированная акция,0
1699,привлекательный,1
1700,привлекать ,1
1701,привлечение ,1
1702,привлечение независимого оценщика,0
1703,приглашать,1
1704,пригодность,1
1705,пригодный,1
1706,приемлемо,1
1707,приемлемый,1
1708,признавать,1
1709,признание,1
1710,признать виновным,-2
1711,приличие,1
1712,приличный,1
1713,приложение к годовому отчёту,0
1714,примирение,1
1715,примиримо,1
1716,примиримый,1
1717,принимать решение,0
1718,принимать участие,1
1719,приносить пользу,1
1720,принуждать,-1
1721,принуждение,-1
1722,принцип,1
1723,принцип корпоративного управления,0
1724,принятие решения,0
1725,приобретение,1
1726,приобретение акций,1
1727,приобретение продукции,0
1728,приоритетное направление,1
1729,приоритетное направление деятельности,1
1730,приостанавливать,-1
1731,приостановлено,-1
1732,природные ресурсы,0
1733,природный,0
1734,природный газ,0
1735,природоохранная деятельность,1
1736,природоохранное законодательство,1
1737,природоохранное мероприятие,1
1738,прирост ,1
1739,присваивать,0
1740,пристойность,1
1741,пристойный,1
1742,приступный,1
1743,приток,1
1744,приятно,1
1745,приятный,1
1746,проблема,-1
1747,провал,-1
1748,провалиться,-1
1749,проверка,-1
1750,проводить,0
1751,проводить проверку,-2
1752,провоцировать,-1
1753,прогнозная цена,0
1754,программа,0
1755,программа долгосрочной мотивации,1
1756,программа ипотечного кредитования,0
1757,программа лояльности,1
1758,программа льготного кредитования,1
1759,программа повышения эффективности,1
1760,программа развития,1
1761,программа реализации,0
1762,программирование,0
1763,программное обеспечение,0
1764,прогресс,2
1765,продавать,0
1766,продавец,0
1767,продажа,0
1768,продажа продукции,0
1769,продажный,-2
1770,продвижение,1
1771,продлевать,0
1772,продление,0
1773,продолжительный,0
1774,продукт,0
1775,продуктивно,1
1776,продуктивность,1
1777,продуктивный,1
1778,продуктовая розница,0
1779,продуктовый ритейл,0
1780,продукция,0
1781,проект,0
1782,проект популяризация предпринимательства,1
1783,проект строительства,0
1784,прозрачность,1
1785,производитель,0
1786,производительность,0
1787,производительность труда,0
1788,производный финансовый инструмент,0
1789,производственная деятельность,0
1790,производственная мощность,0
1791,производственно-инвестиционный,0
1792,производственный объект,0
1793,производство ,0
1794,производство продукции,0
1795,промышленная безопасность,0
1796,промышленное производство,0
1797,промышленное развитие,0
1798,промышленность,0
1799,промышленный,0
1800,пропорционально,0
1801,пропорциональный,0
1802,пропуск,0
1803,прорыв,2
1804,просрочивать ,-2
1805,просрочивать кредит,-1
1806,просрочивать платёж,-1
1807,просрочка,-2
1808,простой,-1
1809,просчёт,-1
1810,просьба,0
1811,протекционизм,-1
1812,протест,-2
1813,протест населения,-2
1814,против,-1
1815,против государственной власти,-2
1816,противник,-1
1817,противодействие ,-1
1818,противозаконное действие,-2
1819,противозаконный,-2
1820,противоположность,0
1821,противопоставлять,-1
1822,противоречие,-1
1823,противоречить,-1
1824,противостоять,-1
1825,протокол собрания акционеров,0
1826,профессиональный инвестор,0
1827,профилактика,0
1828,профицит бюджета,1
1829,процветать,2
1830,процент,0
1831,процент голосующих акций,0
1832,процентная ставка,0
1833,процентный ,0
1834,процентный доход,0
1835,процесс,0
1836,процесс внедрения,0
1837,прочая дебиторская задолженность,0
1838,прочий доход,0
1839,прочий совокупный доход,0
1840,прошедший,0
1841,прямая трансляция,1
1842,пункт,0
1843,путаница,-1
1844,пфи ,0
1845,работать,0
1846,работать в штатном режиме,0
1847,работник,0
1848,рабочая группа,0
1849,рабочее место,0
1850,равенство,1
1851,равноправие,2
1852,радивый,1
1853,радикальный,-1
1854,разборчивый,1
1855,разведка и добыча,0
1856,развиваться,1
1857,развитие,1
1858,развитие государственной сферы,1
1859,развитие инфраструктуры,1
1860,развитие регионов,1
1861,развитие территорий,1
1862,развитие туризма,1
1863,развитие экономики,1
1864,разглашать,0
1865,разглашение,0
1866,разделение,0
1867,разделение труда,0
1868,раздор,-1
1869,раздражать,-1
1870,раздражитель,-1
1871,размер вознаграждения,1
1872,размер дивидендов,1
1873,размер ндс,0
1874,размещать ,0
1875,размывание,-1
1876,разногласие,-1
1877,разоблачать,1
1878,разорение,-2
1879,разочарование,-1
1880,разочаровывать,-1
1881,разрабатывать,1
1882,разработка,1
1883,разработка месторождения,1
1884,разработка проекта,1
1885,разработка товара,1
1886,разрешать,1
1887,разрешение,1
1888,разрешение споров,1
1889,разрешимый,1
1890,разрешённый,1
1891,разрушающий,-2
1892,разрушение,-2
1893,разрушительный,-2
1894,разрыв,-1
1895,разумность,1
1896,ранить,-1
1897,раскритиковывать,-1
1898,раскрывать,0
1899,раскрытие,1
1900,раскрытый,1
1901,располагать,1
1902,распоряжение,0
1903,распределение субсидий,1
1904,распродажа,0
1905,распространенность,0
1906,расследование,-1
1907,рассмотрение,0
1908,расстраивать,-1
1909,расти,1
1910,расторжение,-2
1911,расточительный,-1
1912,растрата,-1
1913,расход,0
1914,расхождение,-1
1915,расчёт,0
1916,расчёт вариационной маржи,0
1917,расчётный ,0
1918,расчётный период,0
1919,расширение,1
1920,рационализация,1
1921,рационализировать,1
1922,реабилитировать,1
1923,реализация ,1
1924,реализация инвестиционного проекта,1
1925,реализация мероприятия,1
1926,реализация национального проекта,1
1927,реализация проекта,1
1928,реализация творческого потенциала,1
1929,реалистичный,1
1930,реальное богатство,0
1931,ревизионная комиссия,0
1932,революционизировать,1
1933,регион,0
1934,региональный,0
1935,региональный бюджет,0
1936,регистрация ,0
1937,регулирование,0
1938,регулирование внешнеэкономической деятельности,0
1939,регулировать,0
1940,регулятор,0
1941,регуляторный,0
1942,регуляторный механизм,0
1943,редактирование,0
1944,редактировать,0
1945,резерв ,0
1946,резидент ,0
1947,резко,0
1948,резонанс,-1
1949,результат заседания совета,0
1950,рейтинг ,0
1951,рейтинговый ,0
1952,реклама,0
1953,рекомендация совета директоров,0
1954,рекомендовать,0
1955,рекордный,2
1956,рекордный рост,2
1957,рекультивация земель,1
1958,рентабельная отрасль,1
1959,рентабельность,1
1960,рентабельный,1
1961,репо ,0
1962,республика,0
1963,реструктуризация,1
1964,реструктурировать,1
1965,ресурс,0
1966,ресурсы страны,0
1967,рефинансирование,0
1968,рефинансирование кредита,0
1969,рефинансировать,0
1970,рефинансировать кредит,0
1971,реформа,0
1972,рецессия,-2
1973,речь,0
1974,решать,1
1975,решение,0
1976,решение об одобрении сделки,1
1977,решение совета директоров,0
1978,решительный,1
1979,риск,-1
1980,рискованность,-1
1981,рисковать,-1
1982,ритейл,0
1983,ритейлер,0
1984,родственная отрасль,0
1985,розничная торговля,0
1986,розничный,0
1987,розничный торговец,0
1988,розыгрыш,1
1989,роспуск,-1
1990,рост ,1
1991,рост ввп,1
1992,рост кредитоспособности,1
1993,рост кредитоспособности предприятия,1
1994,рост кредитоспособности фирмы,1
1995,рост мировой экономики,1
1996,рост мощностии,1
1997,рост ндс,-1
1998,рост объёма,1
1999,рост объёма выбросов,-2
2000,рост объёма продаж,1
2001,рост производительности труда,1
2002,рост равноправия,2
2003,рост цены,1
2004,рост цены нефти,1
2005,рост эффективности,1
2006,ростовщичество,-1
2007,рублёвый ,0
2008,руководитель,0
2009,руководство,0
2010,руководящий работник,0
2011,рынок,0
2012,рынок инвестиций,0
2013,рынок инноваций,0
2014,рынок открылся со снижением,-1
2015,рынок сбыта,0
2016,рынок услуг,0
2017,рынок ценных бумаг,0
2018,рынок электроэнергии,0
2019,рыночная стоимость,0
2020,рыночный ,0
2021,рыночный спрос,0
2022,рэкет,-2
2023,саботаж,-2
2024,сайт,0
2025,сальдо ,0
2026,самореализация,1
2027,самый высокий,2
2028,самый медленный,-2
2029,самый сильный,2
2030,санкционированный,1
2031,санкция,-2
2032,сбор налога,0
2033,сбросы,-1
2034,свержение,-2
2035,свершение,1
2036,свидетельствовать,-1
2037,свободный денежный поток,0
2038,своевременно,1
2039,своевременный,1
2040,своп ,0
2041,связываться,0
2042,связь,0
2043,сглаживать,1
2044,сговариваться,-1
2045,сговор,-2
2046,сделка,0
2047,сделка по отчуждению,-1
2048,сделка по приобретению,1
2049,сделка репо,0
2050,сдержанный,1
2051,сдерживание,-1
2052,сдерживать,-1
2053,сдерживающая политика,-1
2054,сдерживающий фактор,-1
2055,сегмент,0
2056,сегмент рынка,0
2057,секретность,-1
2058,сектор,0
2059,сектор экономики,0
2060,сельское хозяйство,0
2061,сервис,0
2062,серия купонной облигации,0
2063,серия облигации,0
2064,серьёзно,0
2065,серьёзность,0
2066,сетевой ритейл,0
2067,сеть,0
2068,сила,0
2069,сильная сторона,1
2070,сильно,0
2071,сильный,0
2072,система внутреннего контроля,0
2073,система отношений,0
2074,система управления,0
2075,система экологического менеджмента,1
2076,скандал,-1
2077,скандальный,-1
2078,склад,0
2079,скорость,0
2080,скрывать,-1
2081,скрытый,-1
2082,слабеть,-1
2083,слабо,-1
2084,слабый,-1
2085,сложно,-1
2086,сломанный,-1
2087,служба внутреннего аудита,0
2088,слух,-1
2089,случай,0
2090,смартфон,0
2091,смещать,-1
2092,смутно,-1
2093,смысл,0
2094,смягчать,1
2095,снижать,-1
2096,снижать ,1
2097,снижать расход топлива,1
2098,снижение,-1
2099,снижение выбросов,1
2100,снижение мощности,-1
2101,снижение объема,-1
2102,снижение эффективности,-1
2103,снос,-2
2104,сносить,-2
2105,соблюдать,1
2106,соблюдать принципы,1
2107,соблюдать требования,1
2108,соблюдаться частично,-1
2109,соблюдение,1
2110,соблюдение ,1
2111,соблюдение корпоративных принципов,1
2112,соблюдение принципов,1
2113,собрание,0
2114,собрание акционеров,0
2115,собранный,1
2116,собственный капитал,0
2117,совершать,0
2118,совершение,0
2119,совершение действия,1
2120,совершенная конкуренция,2
2121,совершенный,2
2122,совершенство,2
2123,совершенствование,2
2124,совершенствование предприятий,2
2125,совершенствование системы,2
2126,совершенствовать,2
2127,совет,0
2128,совет директоров,0
2129,совет директоров одобрил,1
2130,советовать,0
2131,совещание,0
2132,совместимость,1
2133,совместимый,1
2134,совокупность,0
2135,совокупность стран,0
2136,совокупный,0
2137,совокупный доход,0
2138,совокупный спрос,0
2139,совпадать,1
2140,современный,1
2141,согласие,1
2142,согласие,1
2143,согласный,1
2144,соглашаться,1
2145,соглашение,0
2146,создавать,0
2147,создавать ,1
2148,создание,1
2149,создание альянса,1
2150,создание нового,1
2151,создание рабочих мест,1
2152,сознательно,0
2153,сокращать,-1
2154,сокращение,-1
2155,сокращение отходов производства,1
2156,сокращение персонала,-1
2157,солнечные батареи,1
2158,сомневаться,-1
2159,сомнение,-1
2160,сомнительно,-1
2161,сообщество,0
2162,соответствие,1
2163,соответствие требованию,1
2164,соответствовать,1
2165,соперничество фирм,0
2166,состав совета директоров,0
2167,составлять отчётность,0
2168,состояние,0
2169,состоятельный,1
2170,состояться,1
2171,сотрудник,0
2172,сотрудничать,1
2173,сотрудничество,1
2174,сохранение биоразнообразия,1
2175,сохранение здоровья,1
2176,социальная группа,1
2177,социальная инициатива,1
2178,социальная ответственность,0
2179,социальная политика,0
2180,социальная среда,0
2181,социальная стратегия,1
2182,социальная сфера,0
2183,социально-экономическое развитие,1
2184,социальное пособие,0
2185,социальный,0
2186,социальный инвестиции,1
2187,союз,1
2188,спад,-2
2189,спад объёма продаж,-1
2190,спам,-2
2191,спамер,-2
2192,спекулировать,-1
2193,спекуляция,-1
2194,специализация,0
2195,специализация на производстве,0
2196,спецпредложение,1
2197,списание,-1
2198,спонсортсво,1
2199,спор,-1
2200,спорить,-1
2201,спорт,1
2202,способность,1
2203,способный,1
2204,способствовать,1
2205,справедливая стоимость,0
2206,справедливо,1
2207,справедливость,1
2208,справедливый,1
2209,спред,0
2210,спрос,0
2211,средневзвешенная процентная ставка,0
2212,средневзвешенная ставка,0
2213,среднее предпринимательство,0
2214,средний бизнес,0
2215,срок действия договора,0
2216,срок зачисления,0
2217,срок исполнения обязательств,0
2218,срок поставки,0
2219,срочность,0
2220,срочный ,0
2221,срочный рынок,0
2222,срывать,-1
2223,ссуда,0
2224,ссудный ,0
2225,стабилизация,1
2226,стабилизированный,1
2227,стабилизировать,1
2228,стабильность,1
2229,стабильный,1
2230,ставка ,0
2231,ставка налога,0
2232,ставка процента,0
2233,стагнация,-1
2234,стагнировать,-1
2235,стажировка,0
2236,стажёр,0
2237,стакан заявок,0
2238,стандартизированный ,0
2239,стандартный,1
2240,стандарты финансовой отчётности,0
2241,становиться первым,1
2242,становиться победителем,2
2243,стараться,1
2244,стартап,0
2245,стартовый капитал,0
2246,стеклянный потолок,-2
2247,степень загруженности оборудования,0
2248,стимул торговли,0
2249,стимулирование экономики,1
2250,стимулировать,1
2251,стимулирующая политика,1
2252,стоимость,0
2253,стоимость актива,0
2254,стоимость акции,0
2255,стоимость реализации,0
2256,стойкий,1
2257,столкновение,-1
2258,сторона,0
2259,сторонний банк,0
2260,стороны пришли к соглашению,1
2261,сточные воды,-1
2262,страдание,-2
2263,страдать,-2
2264,страна,0
2265,страны мира,0
2266,стратегическая цель,1
2267,стратегический,0
2268,стратегический отчет,0
2269,стратегическое направление,1
2270,стратегическое планирование,0
2271,стратегия,0
2272,стратегия развития,1
2273,стратегия устойчивого бизнеса ,1
2274,страх,-1
2275,страхование,0
2276,страховой ,0
2277,страховщик,0
2278,стремительно,0
2279,стресс ,-1
2280,строгость,0
2281,строительство,0
2282,строительство железнй дороги,0
2283,строительство объекта,0
2284,субсидировать,1
2285,субсидировать ипотечное кредитование,1
2286,субсидировать ипотечный кредит,1
2287,субсидия,1
2288,субсидия федерального бюджета,1
2289,субъект ,0
2290,субъект власти,0
2291,суд,-1
2292,судебное преследование,-1
2293,судебное разбирательство,-1
2294,судебное решение,-1
2295,судебные органы,-1
2296,судебные процессы,-1
2297,судебные разбирательства,-1
2298,судебный запрет,-1
2299,судебный процесс,-1
2300,судиться,-1
2301,суждение,0
2302,сумма активов,0
2303,сумма вознаграждения,0
2304,сумма расходов,0
2305,сумма сделки,0
2306,суровость,-1
2307,существенная информация,0
2308,существенное влияние,1
2309,существенное снижение,-2
2310,существенное условие сделки,0
2311,существенный рост,2
2312,сфера интеллектуальной собственности,0
2313,сфера туризма,0
2314,счёт,0
2315,сырьевой,0
2316,сырьё,0
2317,тайный сговор,-1
2318,таможенный,0
2319,тариф,0
2320,творчество,1
2321,текущая рыночная стоимость,0
2322,текущий ,0
2323,текущий налог на прибыль,0
2324,темп,0
2325,темп роста,0
2326,темп роста добычи,0
2327,темп роста цен,0
2328,тенденция ,0
2329,тепловая энергия,0
2330,терпеть,-1
2331,терпеть поражение,-2
2332,территориальный ,0
2333,территория,0
2334,территория присутствия,0
2335,терроризм ,-2
2336,терять,-1
2337,технический,0
2338,технический осмотр,0
2339,техническое перевооружение,0
2340,технологическая компания,1
2341,технологическая мощность,0
2342,технологический,1
2343,технологический гигант,0
2344,технологическое оборудование,1
2345,технологическое присоединение,0
2346,технология,1
2347,технология очистки,1
2348,технология производства,0
2349,товар,0
2350,товарная масса,0
2351,товарно-денежные отношения,0
2352,товарный знак,0
2353,товарооборот,0
2354,топливо,0
2355,торги,0
2356,торги на срочном рынке,0
2357,торги ценных бумаг,0
2358,торговая война,-2
2359,торговая марка,0
2360,торговая наценка,0
2361,торговая площадь,0
2362,торговец,0
2363,торговля,0
2364,торгово-экономическое сотрудничество,1
2365,торговый,0
2366,торговый баланс,0
2367,торговый зал,0
2368,торговый морской порт ,0
2369,торговый центр,0
2370,торжественное заявление,1
2371,тормозить,-1
2372,точка зрения,0
2373,точно,1
2374,точность,1
2375,точный,1
2376,травма,-1
2377,трагедия,-2
2378,трансформация,1
2379,трансформация делового климата,1
2380,требование,0
2381,требовать,-1
2382,трейдинг,0
2383,тренд рынка,0
2384,третейский группа,0
2385,труд,0
2386,трудность,-1
2387,трудовой договор,0
2388,трудоёмкий,1
2389,тупик,-1
2390,турбулентность,-1
2391,тщательно исследовать,1
2392,тягота,-1
2393,тяжба,-1
2394,тяжущиеся стороны,-1
2395,убедительный,1
2396,убеждение,0
2397,убыток ,-2
2398,увеличение,1
2399,увеличение задолженности,-1
2400,увеличение затрат,-1
2401,увеличение налога,-1
2402,увеличение объёма,1
2403,увеличение процентной ставки,-1
2404,увеличение ставки,-1
2405,увеличивать,1
2406,увеличивать расход топлива ,-1
2407,увеличились темпы роста,1
2408,увеличились темпы роста цен,-1
2409,уверенно,1
2410,уверенный,1
2411,увольнение,-1
2412,увольнять,-1
2413,угнетать,-1
2414,уголовное преступление,-2
2415,уголовный,-2
2416,угрожать,-2
2417,угроза,-2
2418,удавшийся,1
2419,удача,1
2420,удачно,1
2421,удачный,1
2422,удерживать,0
2423,удержимый,1
2424,удобный,1
2425,удобство,1
2426,удовлетворение потребностей,0
2427,удовлетворительно,-1
2428,удовлетворительный,-1
2429,удовлетворённость,1
2430,удовлетворённый,1
2431,ужесточение,-2
2432,узурпация,-2
2433,узурпировать,-2
2434,уйти в минус,-1
2435,указание ,0
2436,уклонение,-1
2437,украденный,-1
2438,укрепление,2
2439,укрепление индекса,1
2440,улучшать,1
2441,улучшение,1
2442,ультрафиолетовое обеззараживание воды,1
2443,умаление,-1
2444,умалять,-2
2445,уменьшать,-1
2446,уменьшение,-1
2447,уменьшение неравенства,1
2448,уменьшились темпы роста,-1
2449,уместно,1
2450,уместный,1
2451,университет,0
2452,уничтожать,-2
2453,уныло,-1
2454,упадок,-2
2455,уполномоченный ,0
2456,уполномочивать,0
2457,упорство,0
2458,управление,0
2459,управление отходами,1
2460,управление персоналом,0
2461,управление рисками,0
2462,управляющий ,0
2463,упразднять,-1
2464,упреждение,0
2465,упускать из виду,-1
2466,упущение,-1
2467,уровень безработицы,0
2468,уровень развития,0
2469,уровень развития сферы,0
2470,усиление,1
2471,усиление специализации,0
2472,усиливать,1
2473,условие договора ,0
2474,условие поставки,0
2475,условие продажи,0
2476,условие сделки,0
2477,условие спроса,0
2478,условие труда,0
2479,условное депонирование,0
2480,усложнение,-1
2481,усложнять,-1
2482,услуга,0
2483,услуги технической поддержки,1
2484,усовершенствование,1
2485,усовершенствовать,1
2486,успех,1
2487,успешно,1
2488,уставной ,0
2489,уставной капитал,0
2490,уставный ,0
2491,установленная мощность,0
2492,установленный,1
2493,устаревание,-1
2494,устойчивое развитие,1
2495,устойчивость,1
2496,устойчивость ,1
2497,устойчивый,1
2498,устойчивый спрос,1
2499,устранять,0
2500,устранять проблему,1
2501,устрашение,-1
2502,устройство,0
2503,уступать,-1
2504,усугублять,-1
2505,утверждать,0
2506,утверждение,0
2507,утечка золота,-1
2508,утешительно,1
2509,утилизация выбросов,1
2510,утилизация отходов,1
2511,утрата,-1
2512,уход,-1
2513,уход в отставку,-1
2514,уходить в отставку,-1
2515,ухудшать,-1
2516,ухудшение,-1
2517,участие,0
2518,участник ,0
2519,участник мирового рынка,0
2520,участник рынка,0
2521,учитывать ,1
2522,учтённый,1
2523,учёт,0
2524,учёт ндс,0
2525,учётная политика,0
2526,ущемление,-1
2527,ущемлять,-1
2528,ущерб,-2
2529,уязвимо,-1
2530,уязвимость,-1
2531,фаза,0
2532,фактор,0
2533,фактор производства,0
2534,фактор риска,-1
2535,факторные условия,0
2536,фальсификация,-1
2537,фальсифицировать,-1
2538,фальшивомонетчик,-2
2539,фатально,-2
2540,фатальность,-2
2541,федеральная информационная кампания,0
2542,федеральная сеть,0
2543,федеральный,0
2544,федеральный бюджет,0
2545,федеральный закон,0
2546,федеральный орган,0
2547,федеральный проект,0
2548,федерация ,0
2549,физический ,0
2550,фиктивный,-1
2551,филиал,0
2552,фильтрация,1
2553,финановая отчётность в управлении,0
2554,финансирование,1
2555,финансировать,1
2556,финансовая аренда,0
2557,финансовая группа,0
2558,финансовая несостоятельность,-1
2559,финансовая отчётность,0
2560,финансовая отчётность группы,0
2561,финансовая репрессия,-1
2562,финансово-хозяйственная деятельность,0
2563,финансовое вложение,0
2564,финансовое обязательство,0
2565,финансовое положение,0
2566,финансовые средства,0
2567,финансовый ,0
2568,финансовый актив,0
2569,финансовый инструмент,0
2570,финансовый контроль,0
2571,финансовый отчёт,0
2572,финансовый показатель,0
2573,финансовый посредник,0
2574,финансовый результат,0
2575,финансовый риск,-1
2576,финансовый рынок,0
2577,флотофильтрация,1
2578,фонд,0
2579,фонд развития промышленности,1
2580,фондирование,0
2581,фондовая биржа,0
2582,фондовый,0
2583,фондовый актив,0
2584,форсированный,-1
2585,фрс,0
2586,функциональный,1
2587,фьючерс,0
2588,халатность,-1
2589,хаотично,-1
2590,хаотичность,-1
2591,хватать,1
2592,хедж-фонд,0
2593,хеджированный,1
2594,хищение,-1
2595,ходовой,1
2596,хозяйственный,0
2597,хозяйственный субъект,0
2598,хозяйство ,0
2599,хорошая практика,1
2600,хороший,1
2601,цб рф,0
2602,целевое использование ресурсов,1
2603,целевой,0
2604,целесообразность,1
2605,целесообразный,1
2606,целостность,1
2607,цена ,0
2608,цена нефти,0
2609,цена продажи,0
2610,цена сделки,0
2611,ценная бумага,0
2612,ценный,1
2613,центр,0
2614,центральный ,0
2615,центральный банк,0
2616,центробанк,0
2617,цикл,0
2618,цифровая экономика,0
2619,цифровой,0
2620,частично соблюдаться,-1
2621,человеческий капитал,1
2622,честно,1
2623,честность,1
2624,честный,1
2625,честь,1
2626,четкий,1
2627,чистая прибыль,0
2628,чистый,0
2629,чистый долг,0
2630,чистый доход,0
2631,член,0
2632,член вто,0
2633,член правления,0
2634,член ревизионной комиссия,0
2635,член совета директоров,0
2636,чрезвычайно,-2
2637,чрезмерно,-1
2638,чувствительный,1
2639,широта ассортимента,0
2640,штраф,-1
2641,эквиваленты денежных средств,0
2642,экологическая безопасность,1
2643,экологический,1
2644,экологический менеджмент,1
2645,экологический ущеб,-2
2646,экологический штраф,-1
2647,экологическое обучение,1
2648,экономика ,0
2649,экономическая наука,0
2650,экономическая эффективность,1
2651,экономические отношения,0
2652,экономический,0
2653,экономический развитие и интеграция,1
2654,экономический рост,1
2655,экономический форум,0
2656,экономическое развитие,1
2657,экономическое сотрудничество,1
2658,экономичный,1
2659,экономно,1
2660,экосистема,1
2661,эксклюзивность,1
2662,эксперимент,0
2663,экспериментальный,1
2664,эксплуатация,0
2665,эксплуатировать,0
2666,экспорт,1
2667,экспортная выручка,0
2668,экспортные поставки,0
2669,экспортный,1
2670,экспортёр,0
2671,экспроприация,-1
2672,экспроприировать,1
2673,электрическая сеть,0
2674,электрическая энергия,0
2675,электрический,0
2676,электроника,0
2677,электронная виза,0
2678,электронная рассылка,1
2679,электронная торговля,1
2680,электроэнергия,0
2681,эмбарго,-2
2682,эмиссия,0
2683,эмиссия ценных бумаг,0
2684,эмитент,0
2685,эмитент обыкновенных акций,0
2686,эмитент ценных бумаг,0
2687,энергетическая система,0
2688,энергетическая эффективность,1
2689,энергетический,0
2690,энергетический ресурс,0
2691,энергия,0
2692,энергоноситель,0
2693,энергосбережение,1
2694,энергоэффективность,1
2695,энергоёмкость ввп,0
2696,энтузиазм,1
2697,этично,1
2698,этичный,1
2699,эффективно,1
2700,эффективное использование ресурсов,1
2701,эффективность,1
2702,эффективность деятельности,0
2703,эффективный,1
2704,ясно,1
2705,ясность,1
